Node,PageRank,Hubs,Authorities
336,0.0021227393017690947,0.5023531596786516,0.6366735043105133
408,0.001825388389825673,0.25087658925148765,0.31787387288682517
200,0.001732312450658645,0.06149932207711758,0.2769709678868001
368,0.001026613470545319,0.25281790945464916,0.28632427194364785
360,0.0015089211882527312,0.5521415052324912,0.610403299761211
352,0.0030160229146922618,0.15002129656150595,0.44603350733148756
376,0.0020581759253697623,0.2979122968394561,0.5322583935732819
136,0.002296419264436296,0.3800817948657276,0.6818989828354919
144,0.0016534270898632866,0.2945994674800094,0.4365728585627408
232,0.0017809379042325122,0.26693292960515197,0.796286141778093
16,0.0010643583049053573,0.26097847457992274,0.39066292309450845
304,0.0007866815463440707,0.19171408359624403,0.21385239489451566
224,0.0015504785356284987,0.04332816341349624,0.19175999299436866
40,0.0017706722005466715,0.1545805884137523,0.4580228946535361
416,0.0015521908289906573,0.07696822786120013,0.34623573126101287
296,0.0015635766417941709,0.0,0.3105798198740278
456,0.0010415475127597868,0.2148892190307204,0.21163154436139217
120,0.0011402698217338823,0.22820439966476455,0.20220979461021907
64,0.0016330075846211903,0.4156852795553364,0.41154558570885263
288,0.0012810460454345171,0.2652532427811544,0.4724937212051855
32,0.002480519034707848,0.2128697275558788,0.37945351539678945
392,0.0012072677253006704,0.33382988815243675,0.36893376163171476
256,0.0016162982749074945,0.5066368058618875,0.6376886309041627
176,0.0017857543015683723,1.0,0.8899849259866667
112,0.0018775682084859217,0.05441465712006213,0.2449330571484418
96,0.0021863830975742704,0.620536242474244,0.5528626084403219
320,0.0009054104771032568,0.07311799142698618,0.32383877346211803
448,0.0013115008063314694,0.03631639856426565,0.318859525606376
432,0.0020426456693265985,0.33027364492239486,0.36297596771540586
24,0.0028835717212247064,0.07940933739439572,0.7048000262044748
440,0.00301936927266064,0.8970027826800684,0.7992841830339117
72,0.0011866779766986143,0.02978993396653227,0.2672039991550187
56,0.0013291006849802567,0.37499755425060655,0.4168807881364335
160,0.000981905665266737,0.13690946188922049,0.17566815936933097
48,0.0011404560153423027,0.17918427547367194,0.321584176099179
312,0.0010675048118306192,0.07249363663686681,0.1630022001913802
424,0.005906160213602124,0.12998070241922585,0.580850132372864
88,0.0024137841021903525,0.7079481204460059,0.6305998757729128
8,0.0027613515056422264,0.8628825169710291,0.8558978445716109
104,0.0016879267334495823,0.03718762835769607,0.33307934541073714
400,0.0026086399603079645,0.2123222681862217,0.20956161932835618
384,0.003122107596593028,0.06119248206656465,0.5478504649857852
184,0.0010353457282882663,0.26492682353132313,0.2953786651074652
264,0.002435722114804518,0.23590696510577827,0.41809186027080864
168,0.0026148623742761044,0.5599841141071886,0.6225181932570059
240,0.0015264321723480058,0.20913161592869786,0.1893079100345806
208,0.0012350582027750268,0.023111669562127866,0.2065827307705078
328,0.0015813438182513066,0.052484651818878236,0.23500391770677065
216,0.001980816358844929,0.3793563387996864,0.48436493302063505
152,0.0014317100016319854,0.1591406881579463,0.4812786885504795
464,0.003006636813010921,0.2889730430737967,0.3177913650800428
280,0.0017013655703199094,0.08463295923668604,0.3797935877898436
272,0.002034571132657292,0.09233020936674341,0.41014448184926516
496,0.0019276471360155174,0.06099100794188689,0.1820525096303769
480,0.0007781612179898292,0.1531292171518198,0.2243879132340892
80,0.0009980026556197107,0.2129915249927334,0.26941809024181185
248,0.0015275914048792356,0.1475970203179086,0.32542415203711816
344,0.0019272374768182238,0.4060265339969763,0.40018106915859464
472,0.0016617557995425123,0.08091286845611938,0.24023061058000297
488,0.0009112354949077561,0.19472119428150242,0.2460296499109139
192,0.0007130024108686013,0.09052608510925353,0.20270724393846654
128,0.0007050626066769465,0.06691027331293621,0.19687584662835309
481,0.0020216174456470283,0.08362104146189771,0.7454918595125408
345,0.0020510843496412213,0.5631559950173816,0.8325232815464353
57,0.002751626533510859,0.2610898312273989,0.39122421474932345
497,0.0020016511817841265,0.3108058594151463,0.4574796412560785
113,0.0009864244835449789,0.28653769032256704,0.3658360983454303
473,0.0010658132462623446,0.2753004651691735,0.41036497308449504
393,0.0009516409645140495,0.3834990232895383,0.37702377165109596
105,0.0009353608074390962,0.31916441545883145,0.3148219464673019
121,0.001133168692927551,0.0142113667836506,0.12509387552104922
89,0.0011435496665583378,0.08213352696840447,0.08911518517122406
249,0.0024052236424933916,0.09563516729808795,0.851112072566593
417,0.0032602492467531372,0.14094896135998497,0.6282231379588827
145,0.001991380594101754,0.4285310970413319,0.3800450705544791
241,0.0026219300832125867,0.23685864857600886,0.704601112555584
25,0.0015054215377853643,0.4465599695985405,0.44428562763455637
457,0.0023963152328547,0.6511224841891574,0.7274762045788375
185,0.0008356949971304934,0.02630185827509154,0.2359108875589287
161,0.0026304083848955333,0.35495528251848973,0.7916952960766577
369,0.0028653471447626926,0.5832031494188653,0.7467221011454988
97,0.001536343836909201,0.4350311395991374,0.38791217005046574
361,0.00177690744928621,0.7247421721009396,0.7175574311149276
409,0.0022286813730652737,0.3111106598296346,0.6931489920128263
209,0.0012061508614878982,0.09225700022921178,0.16716858402440646
17,0.002793716861031166,0.07185466474161763,0.21525423798104215
73,0.0045683780920916395,0.5993344383058394,0.7662696639055998
329,0.0015873362945570124,0.13840199149338345,0.30770100696317615
297,0.001139564920827401,0.0,0.36365438763865604
441,0.0012928470581366827,0.41495507767594114,0.4143047390590226
81,0.0015883208416814585,0.3067104299821682,0.45667545754969413
425,0.001463451822243633,0.21866723522246434,0.3930612048936531
401,0.0008864490642269122,0.3036965956934327,0.3016388588439494
353,0.001418667017198922,0.0362102645188337,0.32317719895275504
305,0.002880427920048205,0.44348166288355456,0.43984963317627196
465,0.0013935195229229109,0.14537380763095006,0.3241814219490512
177,0.001985936523603834,0.25144225047087304,0.3725083494982756
257,0.0019183681203090311,0.25735690688458146,0.7672101285783895
137,0.0011536143964533477,0.5311672749548553,0.5281369569782409
337,0.001222009936535328,0.19825612329119816,0.25347861576910724
1,0.002020468195095337,0.6142573592334367,0.6839032286750205
321,0.002827488251357022,0.08184702111255641,0.36731550985873646
49,0.0024496545726842276,0.11297001211043274,0.2524887964977175
129,0.0016239760903537213,0.20802428302459208,0.4650752988600711
9,0.0009543567411686136,0.07486530719495325,0.338104901354057
449,0.0010438666917260257,0.11637635827385544,0.34910892716716735
193,0.002006020418989072,0.18570164576860634,0.3338874884614095
233,0.001202121334488879,0.03992234701528515,0.35944009405968363
265,0.0013291957971765889,0.31418728895478387,0.4020257763841532
273,0.001228829619257315,0.1977936824085811,0.19562490104089364
433,0.0038889060001878616,0.1508748719292601,0.33614648758475907
153,0.0008017149352303254,0.08237192131361996,0.18469251303843712
201,0.0018441934079769043,0.029132084770910106,0.26011226471519555
313,0.0005014566699329957,0.04353239673198436,0.05507240697068377
385,0.0011460177907975315,0.5042566634751257,0.567431533766926
217,0.001238699308394595,0.2811086520194827,0.24969018410956534
169,0.001214901176048384,0.2979579272830144,0.29920930550519487
489,0.0021001040486784786,0.16691527959418576,0.744564588920575
33,0.0007850608934357245,0.044039037692088466,0.19522014069045504
225,0.0010711338160590933,0.04759352386751208,0.2094640525727894
41,0.001560739713494195,0.12281988371300431,0.13697450127956545
65,0.0017581927014448313,0.03869466028452632,0.34706144775210346
289,0.001409440842662047,0.1951582549957743,0.24884492290621846
281,0.0006915416356459303,0.1319050480620659,0.19663476344270328
10,0.0018278891861076836,0.19368973699982664,0.5778689925329734
242,0.0014596713587664248,0.4685296507823044,0.7010818491051777
290,0.0018989358376979818,0.37705853517093596,0.3376579098646143
378,0.0021068458485847988,0.298016506071286,0.5286396480975117
362,0.0011780159416106316,0.4580350019407065,0.4563900095472839
338,0.0030777182799544196,0.4098114327217606,0.519580617964712
354,0.0027843472628618885,0.06857285755001956,0.6140179738886117
122,0.001491390890546162,0.15113768845072992,0.3360814748155378
482,0.0018739257990192792,0.6717030503527708,0.7438847353450792
474,0.0018505373082754685,0.31203058387543037,0.5553769824701459
170,0.0015515201273644918,0.36095109013319365,0.6412051614549757
370,0.0005766906987918083,0.0980558323088263,0.14449864987759828
114,0.001826639563010134,0.5009047065400929,0.633682424108372
210,0.001615851880743293,0.29572128063323194,0.3734513454633118
42,0.0031265727105790862,0.1517381331709662,0.45280613094214617
74,0.003447986914595379,0.3836700314998395,0.5674330850234576
442,0.0019067044002169342,0.10001906271819709,0.4434246186573229
26,0.00410212338594246,0.6765419346248539,1.0
498,0.0017916253046851268,0.23948578516325428,0.3006895290480934
418,0.0026363476078695783,0.37619620984777025,0.6685437113373458
66,0.0023825499281045696,0.8645152842561198,0.7669124777312782
274,0.0015382936572488153,0.0,0.7088012656192421
34,0.0020418643116389894,0.18913142521322168,0.5596062733956575
98,0.004377460429892315,0.39800723959479317,0.5047535904322439
426,0.0008555798256603813,0.21340395162466633,0.1917776840390728
434,0.002242854239143383,0.29121172490493374,0.6456493714126527
466,0.0028020129709797493,0.6061669306074677,0.7725171675796275
490,0.0015328946700722264,0.24079043794983696,0.5408619759084707
386,0.00058397900679007,0.010436401156583413,0.09326813971485473
306,0.0024762024413843902,0.3303166927605465,0.4201792971420181
58,0.0016488178492122996,0.3987303382056431,0.5087029327557566
394,0.0034551461533715378,0.2214007486641971,0.28063904556035385
106,0.0011606824518191738,0.21121752230223248,0.18878200046917393
146,0.003238743197829441,0.11035162989330882,0.24341907557531972
330,0.0008651571367547029,0.05231807597751395,0.2333357849160082
226,0.002382770452265853,0.0,0.4392091098340642
2,0.0016101767578613549,0.12036269139092683,0.5352516074531792
314,0.0011885057695792368,0.04784544046975342,0.4280703263100594
130,0.00153838778295886,0.28335307738845533,0.360521661474596
234,0.00154959924444239,0.0,0.3058448249194476
18,0.001215792681673057,0.09959188653983146,0.17707766913524967
202,0.0013816937511532128,0.3086331774999533,0.2788355502366559
458,0.0013677435355286653,0.3083760118074071,0.45355463181931455
90,0.0010839829832792346,0.02884845289133492,0.25560413402809384
258,0.0012595571130678755,0.23087962568909215,0.20198959458560173
138,0.0022760766886503313,0.7344902758063644,0.7262520391673121
322,0.0011279442258582866,0.021822229866538027,0.19277628443046768
282,0.0016693584809815798,0.0,0.5496942705784861
402,0.0013846848425776042,0.3527319373902283,0.3131698918624672
186,0.0018020634131039627,0.17724061988886938,0.5292300160119353
450,0.0017335194688491676,0.3675830663022354,0.6480009083083008
50,0.002361620419091583,0.16092615143585798,0.7148607256405078
218,0.001364689702546119,0.405537348800594,0.40109352721075586
82,0.0018116994150878367,0.5672924768395482,0.7292148495392325
266,0.0020968665394623695,0.552264366614479,0.8220685125495614
250,0.0013491172415177552,0.2018655505337738,0.30009692665223975
410,0.0011758022128520423,0.3881978199808367,0.3523497260696573
346,0.0012127672751462307,0.07400461531452339,0.32434829683037236
154,0.0013255282917990908,0.0,0.37542056762649356
194,0.0013502156182348458,0.06265770227407017,0.18676124522800308
162,0.0012221120500887118,0.14351591220448376,0.25419114653543845
298,0.0008486127270576197,0.08589838290935048,0.15139636524690084
123,0.0017431352583484826,0.5433883712297936,0.6062128182500076
139,0.002323326172708784,0.14089209989394103,0.31478110977911494
91,0.002082422020676438,0.26236494960343554,0.29191711176015356
491,0.004158456879644332,0.3824514125836191,0.34269267814365395
331,0.0033404722726973484,0.7546395424523822,0.9634453174596365
243,0.0009679247225785875,0.0,0.20321885058264047
499,0.00188663239896717,0.04841039975023337,0.43519774525031135
147,0.002957133562428461,0.599920137894353,0.8877669371578305
211,0.0009369329165311207,0.2588644200148123,0.3326223463565948
459,0.0028470285920998467,0.504861730396833,0.5019922586026848
355,0.0015132166500186612,0.2642389101599433,0.3353205638861173
299,0.0017697776111579196,0.10996336496973451,0.32510410037366744
163,0.010800373586108506,0.03256057953488734,0.2888264543291792
483,0.0015403706955571237,0.06960818211774,0.15527777709486398
179,0.0015815779433103522,0.2495915686807046,0.2791277800862131
99,0.001329412696297066,0.26334970808170965,0.33792736368415827
403,0.0018033160774477304,0.0,0.39140206603065103
51,0.0023062914741963313,0.3928723710842847,0.5013877445727427
291,0.0017212276323710055,0.2882896989273667,0.4286625758930556
467,0.0014539594707228404,0.11117855807092006,0.24989102422866133
379,0.0027212747044647575,0.3924308647569456,0.581890840698773
475,0.0026026392983316475,0.3336329920821292,0.4971512349841657
283,0.0028585106000202027,0.4363820850357928,0.3907459965219036
307,0.004946930200638545,0.8568022118050764,0.7585162765535566
315,0.0017250628169019743,0.6999837626962647,0.6219335039495243
275,0.003110984792264427,0.44852529258049706,0.5035523970578745
35,0.0014281128816717465,0.203379619508498,0.22941772533251364
203,0.0010486359875866668,0.2554710575137837,0.3249190752309072
171,0.0029765208301392758,0.13583294807629892,0.6058015560626266
323,0.0018392952023004404,0.1447792344751422,0.6475876748490816
155,0.0015495562402285485,0.12985852090259278,0.23068361786467562
11,0.0005153483714157735,0.0153511124892855,0.019591933177065604
443,0.001997272991645645,0.5415539002550998,0.4874466469256858
19,0.0008882144978634026,0.06514261456084407,0.29015959971219657
59,0.0021154190314159826,0.16519398412752795,0.3666649005489717
435,0.0018234780418139513,0.4963083752701363,0.439055233026424
83,0.00802218129331057,0.03568326733047426,0.3148336564940433
115,0.002623837754507934,0.17989171069309892,0.5396780479632951
107,0.001111025323712782,0.13843278851101717,0.3092359501001879
363,0.001181193036865656,0.3020397638236053,0.2711140672472842
371,0.0016947565935162745,0.400034002097164,0.5966088266575046
75,0.0011655515893950771,0.2829161093830955,0.3592619851689682
187,0.0010504117118476783,0.0,0.31515608264402606
347,0.0015801816260060098,0.24187304847740185,0.2148199869558926
67,0.001747562770174556,0.33425948800664546,0.5979126381715251
395,0.0011009301503638869,0.09674381578580254,0.2889374111727129
267,0.002223829566888928,0.3597186840773416,0.5380976591701345
251,0.0012083464236308456,0.22091628720761827,0.19522869220209269
227,0.0011219066835419802,0.11723662192740594,0.2084642593379245
219,0.001671479786648409,0.5092126258589703,0.5061283061301832
131,0.0007519643125184358,0.2730515986018437,0.2704689069360941
3,0.0008621245672200454,0.091346170486215,0.2731484253841771
195,0.0009494184306821658,0.0688202358302816,0.31009044604007074
339,0.0042091421934406315,0.26732851411806635,0.5947737293821556
27,0.0011690661852203233,0.23356522628214665,0.21026529057182514
387,0.0007989233937886343,0.0,0.05334898896519545
43,0.003503793502374297,0.05167826087263633,0.45936735804900886
419,0.0016767567618861422,0.0,0.2936779895307657
427,0.0009382864000413759,0.1604753124113747,0.24186321007584688
235,0.0017140951014227434,0.15568164360010076,0.3477715648304742
259,0.0016564068858630093,0.06564710114242102,0.591784144434505
411,0.001239152645505223,0.07822197904036918,0.34727852286284155
451,0.00047341390511072606,0.004146074987206171,0.03703960421207253
68,0.0021889391337026206,0.2547578655123907,0.7597924622608265
452,0.0026864984343858895,0.4665433137802881,0.5173511375170937
444,0.004317447988923939,0.45439399627681015,0.5071477448809779
188,0.0025726807361684573,0.06751203361678128,0.30153214695511216
100,0.001446519283524177,0.3861745406847322,0.431489575715714
12,0.0009048156610024557,0.27278320630152186,0.30765685495417094
260,0.0021389640587413717,0.598977354479677,0.7685834106240833
324,0.003333885944806239,0.5195081712752122,0.6661437774779962
132,0.0018517548039307576,0.0,0.5780482830667507
396,0.0018580738547647592,0.5984472934825107,0.6655606842286789
476,0.0013238072078599376,0.224266690164697,0.49613564357357726
300,0.0019948300854752002,0.12500809657831716,0.5523951594053569
284,0.0016276222602243594,0.2341352977969184,0.3447473090193341
196,0.0028376927633689017,0.2718555300247966,0.48592425944623246
340,0.0011936703679964978,0.24588865112241365,0.5479005196098958
380,0.001030390204548941,0.32112486460084144,0.4768905366356923
308,0.0030253257385530236,0.18591582984365218,0.5523414814492035
484,0.001858029613177109,0.4415130288690255,0.5618954352182083
92,0.0016761814994772507,0.05681526610283167,0.5082974779800115
228,0.0016250493972871263,0.3151729701074683,0.7001028718288962
356,0.0020874331338184534,0.2563901515940813,0.5697315879864219
164,0.0013847774787893452,0.0401932336268115,0.3582226152918354
492,0.002911691716362441,0.0,0.4884021313458313
428,0.0036289060591573313,0.0,0.551739974728855
28,0.0020173871999075816,0.3135328876477472,0.34570778322131923
420,0.0013018803548702316,0.3207495700955308,0.5721565883592555
292,0.0026986967765194186,0.16020255396276745,0.7192281063983447
460,0.0027093889856723563,0.3465039292685744,0.30921053637405066
180,0.0026930412603377554,0.14891995000429112,0.6626960510345701
500,0.0020333621323440965,0.5109443753591367,0.7630215119351462
220,0.001109123784543389,0.06373109930166351,0.2845535434140504
332,0.0017648510474576125,0.0,0.38794129111170716
204,0.0028362319238678458,0.3849202906433222,0.3777882107090899
212,0.0024300365246278524,0.583560537860024,0.6451638953207387
252,0.001671013763250171,0.03148183187865693,0.28382388162342365
156,0.0017418303407736883,0.032976573252578294,0.29665622846494016
468,0.0019583668438586566,0.0,0.5786399558287262
236,0.001234731272800104,0.043640592447031425,0.38706692004752713
116,0.0012981764219214698,0.18914327429512098,0.21032613678920728
388,0.0009104227392384267,0.19125120124261732,0.17048332242142894
364,0.0033451395249624034,0.7935760317265791,0.8839697467791
84,0.0014630342994060926,0.5210606393983563,0.46083611237394156
372,0.0020096304005950685,0.14490070080873962,0.6423762145309602
404,0.0009197340115718838,0.039465040440510385,0.3558437942018857
412,0.0010599555467794624,0.2817303756423845,0.3149848396035187
348,0.0006157591157579037,0.021217741271853253,0.18853266258270293
4,0.0029911477932144694,0.1619390404468676,0.47606448413235647
20,0.0011255157223691585,0.12342118930170944,0.37084159435771813
108,0.0016882105682673528,0.18449456690457838,0.23177986901469858
436,0.0013289558027108404,0.1236426708925449,0.36741357503246674
268,0.002330136454737192,0.0316802157062671,0.2822653672274186
44,0.0011039832196937352,0.20091047215147903,0.25487551387542684
60,0.0016249446113200206,0.3984913037274634,0.5102080548060164
172,0.0014828325757254644,0.3173030324113888,0.46780879767532824
52,0.0023581631526359273,0.24422013792967054,0.543580622982495
148,0.0007066523352604816,0.05094903905888272,0.22863277832716086
276,0.0007584424103019649,0.030579266472960963,0.08927858792601262
316,0.0006626867616906342,0.038323851124673895,0.085769864059694
244,0.0014163920109458474,0.029933853515680873,0.26891551112662265
36,0.0023006525101403386,0.4725510985034841,0.5267444326313117
140,0.0007420183071265284,0.1667161496805693,0.21256980255377253
124,0.0022104713946231635,0.39437012329049187,0.39113938845804985
76,0.0013473847308828276,0.18472127109745812,0.32824149150773
397,0.0012936445833325015,0.3375659160364521,0.49990619378147616
253,0.001363431777986376,0.5444854796653156,0.6108515904980013
61,0.004557049298878591,0.016927309679198914,0.15107044456956914
37,0.001446717636402425,0.13976342628122834,0.6267240697292387
101,0.001493110214027585,0.1693473742893641,0.3007696567681397
109,0.0020163953278635465,0.21095464838953143,0.2667329099873989
69,0.001915436466395269,0.41604056659448907,0.6173723785311673
277,0.0011359380276184563,0.2483458302003608,0.44419997251307825
29,0.000897216678049529,0.21733118943238489,0.3851857666937841
53,0.0007751977360797965,0.10214719137909543,0.2292399636544514
21,0.0022281628862729453,0.07416648948963481,0.661503705982655
357,0.00118975906617362,0.13760739665251961,0.15192868704598478
141,0.0035371605024443376,0.5595461748656074,0.5497266173572802
181,0.0011601662891362104,0.31754336481433676,0.5751601738171184
45,0.0014255113391851864,0.2020860388148375,0.22183792750648934
93,0.0007296043650838516,0.07527051136116815,0.22698282939906203
77,0.002139382958462403,0.2623886477672339,0.583954756712826
365,0.0029377072928592385,0.4414809515854638,0.559221976190945
317,0.003370488959507161,0.5506565468561438,0.48782645276672226
197,0.002270307051470648,0.11126722310849983,0.4948064519346439
421,0.000990975194474412,0.08869040450399321,0.2629590500588858
389,0.0014190085347867123,0.0,0.4791241556341292
285,0.004589322489416327,0.5950667203966318,0.8843980111860827
477,0.0016815544064640719,0.4091829236894405,0.3621539529592153
493,0.0015146540811635581,0.15628414557524206,0.3455948047041109
245,0.0009729142378341617,0.12261673641319996,0.2737322242592093
413,0.001851628613110836,0.5082769677863902,0.5026724313898137
309,0.0035010842093161363,0.4703627487821581,0.8379534914363163
341,0.0011458144070609505,0.29960214632609605,0.44054138158524425
237,0.007247021358847272,0.05426660981697319,0.48695581143846267
149,0.0017925406410629538,0.21673915914959266,0.32069193478376407
469,0.0009423092121753998,0.15244748878928524,0.22602211438830136
349,0.0015673643891793163,0.20934361030753582,0.4603922345979701
117,0.0010705165564524938,0.16789244918580387,0.37567054953643436
333,0.0015017057080170388,0.17363483036741342,0.30665568406910104
229,0.0010473403129746485,0.3244173553908732,0.4829511726998159
133,0.0015368883500038238,0.42424030785715977,0.37952020822723626
301,0.0010921769750270205,0.05890077956716772,0.1323514040028052
461,0.0011183967020279286,0.057958027055462547,0.2573454446856334
445,0.0008390333705483264,0.20020600803194702,0.21994148559559468
205,0.0019361476317938232,0.1904233636347262,0.18794063700787011
269,0.0009115749422850088,0.19178247628506034,0.28610820486964506
405,0.0019884024348447086,0.09732062414818171,0.14622180467349455
125,0.0018494798824559113,0.2810584126185836,0.5001290147016054
189,0.0010223583905836935,0.20958494043496556,0.37764863682268257
485,0.0011829004646295041,0.07031384262370814,0.2077139775958571
381,0.0011369781821111583,0.3436123912789345,0.3843275354177767
261,0.0018321413546580152,0.3537572538101597,0.3124101457754964
373,0.001180409783000885,0.08964148315894052,0.20156276383086458
453,0.002188140712789915,0.20255162297104345,0.30333924881024077
429,0.0012233376095070892,0.05371173373435384,0.4817320082705381
165,0.0008702139641185351,0.19604205346884965,0.2912389886477198
5,0.0016997759511627908,0.0,0.1441969388825255
213,0.0017375639387498503,0.4353667193724191,0.4272194313014031
85,0.0029999267588034055,0.16370702147279675,0.36706238623430404
13,0.0009378901281001458,0.10405244340076776,0.18317328967429156
437,0.0007058660520140685,0.1406834606947765,0.15584895310988875
173,0.0006144678259230678,0.10798159277795812,0.10906272570747526
293,0.0008354631183291258,0.08013917285285278,0.1799220463911834
157,0.0006425967470602453,0.013087955505373056,0.056515310753560595
325,0.0005743081279573418,0.09734427816487921,0.09842163232049367
221,0.0008480697696626705,0.1877478638983727,0.17034459416583841
54,0.0011493167130800814,0.17633076138209391,0.2621391129784108
278,0.0014121870912608167,0.3446381403404555,0.30999569618715866
94,0.0022625702212244526,0.7300612797079087,0.8154232879816299
86,0.004293744822372376,0.44178745607804937,0.7838519694470112
230,0.0019605196231080764,0.3038675244389522,0.44666906329267203
118,0.0015938391312153453,0.2461708570506276,0.5453305915555495
438,0.0025517895653196353,0.3518125916714553,0.7873743802121134
350,0.0031196933539795,0.827454146172111,0.7355786582516953
182,0.0026983944924305406,0.19575408634395966,0.5823037157449307
246,0.0015382039215655074,0.39948036213337157,0.35243894852113755
134,0.0008228641209088246,0.43165710911362176,0.3834734146915674
406,0.00198804879923494,0.5683403038662619,0.568641995479056
174,0.0030325023256484894,0.21931114276360147,0.9784686545460964
166,0.0008201799013212642,0.16321112591706777,0.15874331778748413
222,0.0006082186114750138,0.042438166687445246,0.06337319747141151
6,0.0014030451639049978,0.17247513017214194,0.30937415193659445
358,0.001146234508401857,0.03389339817188622,0.03382695753551729
158,0.0036236100709717387,0.2410631963984442,0.3567041311546291
78,0.0009365147163152678,0.08318235613431034,0.24745199534459505
22,0.0018689019603200777,0.1939961531982103,0.57710314222355
294,0.0015999419997619732,0.3290571980435419,0.487484789915708
126,0.001326129425923829,0.1828952145602084,0.2729637530542742
494,0.0011956165642120701,0.08941626230865324,0.39619237980118155
398,0.0010711430647770066,0.2764435130779606,0.27179821057910913
462,0.0013672766472531065,0.27258475625326034,0.3056262657546271
110,0.001063880486659052,0.14079128998888552,0.14038400633011228
486,0.0015504652899031618,0.16160355338249796,0.35842694433807626
238,0.0029495984392978168,0.10366321165568229,0.3040891553386344
30,0.0037373348177382098,0.8096731507574054,0.7249312478345059
342,0.0010850499616926936,0.04331435420031412,0.38241576014809747
150,0.0016055116895205789,0.3777321316374725,0.5646762837590031
422,0.003075675814094918,0.4860202024197558,0.5484695899481845
70,0.0014407174659261455,0.4970009947224793,0.49774654787879635
46,0.0010340971775403057,0.22630413185079137,0.4001835164477798
206,0.0017626245850794196,0.0970920172152503,0.285209948935043
254,0.002970842283801557,0.1521997617469255,0.6827010888661608
262,0.0012291024107546086,0.09033936936042862,0.4051890628619044
366,0.0013845091616727296,0.15442267423359754,0.6937339725309204
374,0.0019453958014274701,0.3482120468255939,0.4476712646152936
302,0.0014305059334631244,0.17596013764006557,0.5220434309155266
478,0.0010354234938758004,0.22244642572709394,0.33206326678239334
470,0.0010837832986511384,0.2959614938390072,0.2944773794624532
62,0.0016312799465724975,0.18340345806007752,0.5435448656794128
446,0.0009431561969846186,0.15964697152653257,0.20231001586252204
310,0.0018531424755966212,0.1961449294582304,0.35112836076017406
334,0.0014867756619371343,0.09829833233443161,0.29523950003595606
198,0.0032418057303598793,0.13198830066506725,0.19768206320882023
414,0.002714311764872295,0.45026274588610815,0.5054214203695696
326,0.0008785802636938579,0.23077071479100944,0.20697754515849165
214,0.0013248332243960372,0.4999107566353978,0.4999194102631166
286,0.0017906164654531123,0.23079531355566757,0.3422159383701124
270,0.0016271760765541627,0.19286448641205212,0.21680925784969826
142,0.0015076364265311584,0.5421684588035148,0.536467327756945
190,0.001439872264516536,0.19836283124894272,0.4387858128081046
318,0.0004955646434911976,0.04028709919288505,0.07047134414491185
390,0.001771788542372976,0.6542208336879818,0.6497655886174865
382,0.0016522743252209262,0.22337165183971572,0.5012468154369468
102,0.0010655688175629312,0.135773437784197,0.12124696093024896
454,0.000984821236047731,0.017332204815707047,0.15310384507156358
430,0.0015012915178553613,0.16858769539065416,0.2112450070750458
14,0.001075337449113314,0.13282937357382796,0.14925693048076336
367,0.0028530751292085614,0.3560534107520442,0.6356138840954098
191,0.0025607935529723676,0.5854078821293596,0.8618634507726182
303,0.004243444899836742,0.17514501439725258,0.7810268960945581
39,0.0012852215507098232,0.08422476631173577,0.3740644222052997
247,0.0012475650856555137,0.1957295273116923,0.17590580402967274
439,0.0015826144179580746,0.407415618114156,0.5156256194350737
103,0.0006549719659323697,0.12331274194818687,0.15361001391757118
463,0.003753460684884422,0.1657896918638306,0.4905346778609444
71,0.0029226895215244027,0.42087202532418994,0.4218345998652221
207,0.0011467800747605487,0.12260965521820504,0.18593761761303607
31,0.002104675390644901,0.5140043521978017,0.76864257678024
79,0.0014274818980942391,0.1675882580013089,0.18333730845152946
199,0.001445241485095302,0.34647619605974767,0.389453077404828
391,0.001173194702373406,0.13759090329559875,0.3055895284158303
399,0.0011220371720862803,0.2289677692611153,0.4060333944313732
7,0.0023095704715946656,0.7360023934792261,0.9427038695914971
119,0.0007606836665077221,0.26619350981107515,0.2620331515169208
183,0.002185407904681246,0.4044081939844808,0.40102625195908426
319,0.0015122416659035635,0.624616352863187,0.6925156033306229
447,0.0022688195180356643,0.1663296020792225,0.4904628776443723
167,0.0010767724380571651,0.3208512408690551,0.4779172724524096
111,0.0018545896681087277,0.2439976718584835,0.43475868925005706
343,0.0018202799017986182,0.02790572245318023,0.24501378969052937
255,0.0021738931130171574,0.5088361084789629,0.6551781354636836
495,0.002525561880283942,0.07068955652647785,0.6304882357044806
175,0.0014416521298608064,0.03643205955408604,0.16072132107067094
487,0.0009535036960796241,0.27396036667522544,0.35158573502799007
295,0.0010543913888436307,0.0,0.16927421595868758
471,0.003505536877158915,0.3858403736186814,0.5721409357888384
151,0.00229161980547728,0.5673246115143411,0.63094476434148
223,0.001667769560713078,0.3411530092606491,0.5086521949067476
423,0.0013266255774713718,0.38435928252837875,0.5746157051753741
351,0.0018525168323173964,0.26403958599908256,0.335468930092938
263,0.002249581697408934,0.1958617567085052,0.4357018588214199
407,0.001613285406619151,0.0,0.20302438909599718
359,0.0016915254601914903,0.2619985639830998,0.26180621444678936
335,0.001656792046470327,0.07579145598198517,0.22766621110313146
311,0.0008472134632875939,0.2966063240545545,0.33417433091463683
127,0.001028431670250912,0.22071630966966319,0.2795195591635828
479,0.0019498154835661148,0.20271882570124145,0.22541180974733546
55,0.0021208162163706,0.5949280631819184,0.6632930047889976
231,0.0010873320237925427,0.0657156306872503,0.11805249251615325
95,0.0010435500078573802,0.08940074018795365,0.19727963814348504
215,0.0007863069689247337,0.19975165489822685,0.2013435942437988
455,0.0013864297998556507,0.1552893171432376,0.35026257480885614
375,0.0008412390475578767,0.11699507106447135,0.10389711986040079
159,0.0014549727956312216,0.04374300489185196,0.3904922960764505
135,0.0012512320815076998,0.5072397537227484,0.5027844466719192
271,0.0011713398548437329,0.03355452061016239,0.3009821901133649
47,0.0010599451033848327,0.2616476475069426,0.26084676508215177
383,0.0010431229328127334,0.04802040426030121,0.42611484144749784
23,0.0008862864481489249,0.1547798728422222,0.1546451052387831
415,0.0013052487041738117,0.32198979460296395,0.4086321747371647
87,0.0011267051952689642,0.4654842513163784,0.4097047650249288
143,0.0011459070825628863,0.03238182350836659,0.2882494037000694
63,0.0007853928079422772,0.05494226795312499,0.12181534244343545
287,0.0008996908659553349,0.1414403539114155,0.1562501405301212
239,0.001423050814048453,0.257968198547525,0.45798735015820935
15,0.0016758015499592153,0.09667506992017852,0.43062224410806854
279,0.0007290646739323324,0.17224543722052688,0.17024529694720947
431,0.0006745890889096032,0.07006568735446907,0.10484267511870374
327,0.0005186168219668695,0.0060108132143221705,0.05387322966978491
